lock_type,lock_path,result_path,included_in_metric_or_source_audit,validation_status,root_signature,classification,readiness_passed,packet_count,packet_correct,pair_count,provider_calls,worker_calls,gov_calls,solo_calls,judge_calls,notes
LOCK_MANIFEST.json,docs/benchmark/hard_allow_fp_5pair_full_arch_freeze_2026-06-28/LOCK_MANIFEST.json,,FALSE,,47434052ed594ed65734e1e964434ae984a17777607fc72ad1c6424dd4de83f6,HARD_ALLOW_FP_5PAIR_FULL_ARCH_FREEZE,,,,,,,,,,lock listed for completeness; metric inclusion depends on evidence_tier and row validity
LOCK_VALIDATION.json,docs/benchmark/hard_allow_fp_5pair_full_arch_freeze_2026-06-28/LOCK_VALIDATION.json,,FALSE,PASS,47434052ed594ed65734e1e964434ae984a17777607fc72ad1c6424dd4de83f6,,,10,,5,,,,,,lock listed for completeness; metric inclusion depends on evidence_tier and row validity
FREEZE_LOCK_MANIFEST.json,docs/benchmark/hard_allow_fp_5pair_solo_fullholo_knew_benchmark_2026-06-28/run_20260629T000225Z/FREEZE_LOCK_MANIFEST.json,docs/benchmark/hard_allow_fp_5pair_solo_fullholo_knew_benchmark_2026-06-28/run_20260629T000225Z/solo_one_shot_results.json,TRUE,,47434052ed594ed65734e1e964434ae984a17777607fc72ad1c6424dd4de83f6,SOLO_ONE_SHOT_10_COMPLETE,,,,,10,,,,,lock listed for completeness; metric inclusion depends on evidence_tier and row validity
RUN_LOCK_MANIFEST.json,docs/benchmark/hard_allow_fp_5pair_solo_fullholo_knew_benchmark_2026-06-28/run_20260629T000225Z/RUN_LOCK_MANIFEST.json,docs/benchmark/hard_allow_fp_5pair_solo_fullholo_knew_benchmark_2026-06-28/run_20260629T000225Z/solo_one_shot_results.json,TRUE,,1c486e16825bb7ef949552134ddc35476819b0ba3257b4ecb02539c2b13d18d6,SOLO_ONE_SHOT_10_COMPLETE,,,,,10,,,,,lock listed for completeness; metric inclusion depends on evidence_tier and row validity
RUN_LOCK_VALIDATION.json,docs/benchmark/hard_allow_fp_5pair_solo_fullholo_knew_benchmark_2026-06-28/run_20260629T000225Z/RUN_LOCK_VALIDATION.json,docs/benchmark/hard_allow_fp_5pair_solo_fullholo_knew_benchmark_2026-06-28/run_20260629T000225Z/solo_one_shot_results.json,TRUE,PASS,1c486e16825bb7ef949552134ddc35476819b0ba3257b4ecb02539c2b13d18d6,SOLO_ONE_SHOT_10_COMPLETE,,,,,10,,,,,lock listed for completeness; metric inclusion depends on evidence_tier and row validity
FINAL_EVIDENCE_PACKAGE_LOCK_MANIFEST.json,docs/benchmark/holoverify_20pair_3dna_2026-06-29/final_evidence_package_2026_06_29/FINAL_EVIDENCE_PACKAGE_LOCK_MANIFEST.json,,TRUE,,029e2eaed34601cb166de7ebb0648f242b4cdb3003712fb1a2e4f180bf839624,HOLOVERIFY_20PAIR_3DNA_FINAL_EVIDENCE_PACKAGE_LOCK,,,,,,,,,,lock listed for completeness; metric inclusion depends on evidence_tier and row validity
FINAL_EVIDENCE_PACKAGE_LOCK_VALIDATION.json,docs/benchmark/holoverify_20pair_3dna_2026-06-29/final_evidence_package_2026_06_29/FINAL_EVIDENCE_PACKAGE_LOCK_VALIDATION.json,,TRUE,PASS,029e2eaed34601cb166de7ebb0648f242b4cdb3003712fb1a2e4f180bf839624,,,,,,,,,,,lock listed for completeness; metric inclusion depends on evidence_tier and row validity
PUBLIC_FREEZE_PACKAGE_LOCK_MANIFEST.json,docs/benchmark/holoverify_20pair_3dna_2026-06-29/final_evidence_package_2026_06_29/PUBLIC_FREEZE_PACKAGE_LOCK_MANIFEST.json,,TRUE,,5ffe3c41e5cf35324f9bb0518c24df118aad0eea15900abbb1d9996df1756695,HOLOVERIFY_20PAIR_PUBLIC_FREEZE_PACKAGE_LOCK,,,,,,,,,,lock listed for completeness; metric inclusion depends on evidence_tier and row validity
PUBLIC_FREEZE_PACKAGE_LOCK_VALIDATION.json,docs/benchmark/holoverify_20pair_3dna_2026-06-29/final_evidence_package_2026_06_29/PUBLIC_FREEZE_PACKAGE_LOCK_VALIDATION.json,,TRUE,PASS,5ffe3c41e5cf35324f9bb0518c24df118aad0eea15900abbb1d9996df1756695,,,,,,,,,,,lock listed for completeness; metric inclusion depends on evidence_tier and row validity
LOCK_MANIFEST.json,docs/benchmark/holoverify_20pair_3dna_2026-06-29/frozen_complete_run_20260629T052822Z/LOCK_MANIFEST.json,,FALSE,,dcd9f17a76eef5bbe3b2a20195835a98b3694b511aa66d313fa4a91e7f2a17f1,HOLOVERIFY_20PAIR_3DNA_COMPLETE_HASH_FREEZE,,,,,,,,,,lock listed for completeness; metric inclusion depends on evidence_tier and row validity
LOCK_VALIDATION.json,docs/benchmark/holoverify_20pair_3dna_2026-06-29/frozen_complete_run_20260629T052822Z/LOCK_VALIDATION.json,,FALSE,PASS,dcd9f17a76eef5bbe3b2a20195835a98b3694b511aa66d313fa4a91e7f2a17f1,,,40,,,,,,,,lock listed for completeness; metric inclusion depends on evidence_tier and row validity
AUTOPSY_LOCK_MANIFEST.json,docs/benchmark/holoverify_20pair_3dna_2026-06-29/solo_one_shot_against_frozen_run_20260629T052822Z/run_20260629T060938Z/AUTOPSY_LOCK_MANIFEST.json,docs/benchmark/holoverify_20pair_3dna_2026-06-29/solo_one_shot_against_frozen_run_20260629T052822Z/run_20260629T060938Z/solo_one_shot_results.json,FALSE,,730c31344a7d38ab2feb3c4d7c4b38127794c295d021f7c5b02c3f9e059b99b6,SOLO_ONE_SHOT_3MINI_40_COMPLETE,,,,,120,,0,,0,lock listed for completeness; metric inclusion depends on evidence_tier and row validity
AUTOPSY_LOCK_VALIDATION.json,docs/benchmark/holoverify_20pair_3dna_2026-06-29/solo_one_shot_against_frozen_run_20260629T052822Z/run_20260629T060938Z/AUTOPSY_LOCK_VALIDATION.json,docs/benchmark/holoverify_20pair_3dna_2026-06-29/solo_one_shot_against_frozen_run_20260629T052822Z/run_20260629T060938Z/solo_one_shot_results.json,FALSE,PASS,730c31344a7d38ab2feb3c4d7c4b38127794c295d021f7c5b02c3f9e059b99b6,SOLO_ONE_SHOT_3MINI_40_COMPLETE,,,,,120,,0,,0,lock listed for completeness; metric inclusion depends on evidence_tier and row validity
RUN_LOCK_MANIFEST.json,docs/benchmark/holoverify_20pair_3dna_2026-06-29/solo_one_shot_against_frozen_run_20260629T052822Z/run_20260629T060938Z/RUN_LOCK_MANIFEST.json,docs/benchmark/holoverify_20pair_3dna_2026-06-29/solo_one_shot_against_frozen_run_20260629T052822Z/run_20260629T060938Z/solo_one_shot_results.json,FALSE,,223aa9dd0f9f1d42b08f5efd44166e80f5100590c591afb655fbadfd89e7438f,SOLO_ONE_SHOT_3MINI_40_COMPLETE,,,,,120,,0,,0,lock listed for completeness; metric inclusion depends on evidence_tier and row validity
RUN_LOCK_VALIDATION.json,docs/benchmark/holoverify_20pair_3dna_2026-06-29/solo_one_shot_against_frozen_run_20260629T052822Z/run_20260629T060938Z/RUN_LOCK_VALIDATION.json,docs/benchmark/holoverify_20pair_3dna_2026-06-29/solo_one_shot_against_frozen_run_20260629T052822Z/run_20260629T060938Z/solo_one_shot_results.json,FALSE,PASS,223aa9dd0f9f1d42b08f5efd44166e80f5100590c591afb655fbadfd89e7438f,SOLO_ONE_SHOT_3MINI_40_COMPLETE,,,,,120,,0,,0,lock listed for completeness; metric inclusion depends on evidence_tier and row validity
ROLLUP_LOCK_MANIFEST.json,docs/benchmark/holoverify_agentic_commerce_replication_2026-06-29/batched_full_holo_rollups/rollup_20260630T235150Z/ROLLUP_LOCK_MANIFEST.json,,FALSE,,598ffbed711a3d8f1b5d5702ba0cbfc01825d7b3d284440750cbe1a7ff6578dc,HOLOVERIFY_AP_REPLICATION_ROLLUP_LOCK_MANIFEST,,,,,,,,,,lock listed for completeness; metric inclusion depends on evidence_tier and row validity
ROLLUP_LOCK_VALIDATION.json,docs/benchmark/holoverify_agentic_commerce_replication_2026-06-29/batched_full_holo_rollups/rollup_20260630T235150Z/ROLLUP_LOCK_VALIDATION.json,,FALSE,PASS,598ffbed711a3d8f1b5d5702ba0cbfc01825d7b3d284440750cbe1a7ff6578dc,,,,,,,,,,,lock listed for completeness; metric inclusion depends on evidence_tier and row validity
COMMERCE_20PAIR_CONSOLIDATED_PUBLIC_PACKAGE_2026_07_01_LOCK_MANIFEST.json,docs/benchmark/holoverify_agentic_commerce_replication_2026-06-29/consolidated_public_package_2026_07_01/COMMERCE_20PAIR_CONSOLIDATED_PUBLIC_PACKAGE_2026_07_01_LOCK_MANIFEST.json,,TRUE,,74a5729fdd01834b9c0e2212d10a37e24a9b81e17bf7169affea60a02b917b21,COMMERCE_20PAIR_CONSOLIDATED_PUBLIC_PACKAGE_2026_07_01_LOCK_MANIFEST,,,,,,,,,,lock listed for completeness; metric inclusion depends on evidence_tier and row validity
COMMERCE_20PAIR_CONSOLIDATED_PUBLIC_PACKAGE_2026_07_01_LOCK_VALIDATION.json,docs/benchmark/holoverify_agentic_commerce_replication_2026-06-29/consolidated_public_package_2026_07_01/COMMERCE_20PAIR_CONSOLIDATED_PUBLIC_PACKAGE_2026_07_01_LOCK_VALIDATION.json,,TRUE,PASS,74a5729fdd01834b9c0e2212d10a37e24a9b81e17bf7169affea60a02b917b21,COMMERCE_20PAIR_CONSOLIDATED_PUBLIC_PACKAGE_2026_07_01_LOCK_VALIDATION,,,,,,,,,,lock listed for completeness; metric inclusion depends on evidence_tier and row validity
LOCK_MANIFEST.json,docs/benchmark/holoverify_agentic_commerce_replication_2026-06-29/holo_canary_openai_w2_all_six_collapse/run_20260630T031643Z/LOCK_MANIFEST.json,docs/benchmark/holoverify_agentic_commerce_replication_2026-06-29/holo_canary_openai_w2_all_six_collapse/run_20260630T031643Z/canary_results.json,TRUE,,a19bd1e5e47411597ccf5fd941f1a24ba4269215a2fb72a4c2aabe68dc001948,COMMERCE_OPENAI_W2_ALL_SIX_COLLAPSE_HOLO_CANARY_COMPLETE,TRUE,6,6,3,30,18,12,0,0,lock listed for completeness; metric inclusion depends on evidence_tier and row validity
LOCK_VALIDATION.json,docs/benchmark/holoverify_agentic_commerce_replication_2026-06-29/holo_canary_openai_w2_all_six_collapse/run_20260630T031643Z/LOCK_VALIDATION.json,docs/benchmark/holoverify_agentic_commerce_replication_2026-06-29/holo_canary_openai_w2_all_six_collapse/run_20260630T031643Z/canary_results.json,TRUE,PASS,a19bd1e5e47411597ccf5fd941f1a24ba4269215a2fb72a4c2aabe68dc001948,COMMERCE_OPENAI_W2_ALL_SIX_COLLAPSE_HOLO_CANARY_COMPLETE,TRUE,6,6,3,30,18,12,0,0,lock listed for completeness; metric inclusion depends on evidence_tier and row validity
LOCK_MANIFEST.json,docs/benchmark/holoverify_agentic_commerce_replication_2026-06-29/holo_live_runs_openai_w2/run_20260629T235436Z/LOCK_MANIFEST.json,docs/benchmark/holoverify_agentic_commerce_replication_2026-06-29/holo_live_runs_openai_w2/run_20260629T235436Z/live_results.json,FALSE,,0e19b9ab73a62fab2da7ce57d9cbd5a3302fb7553f9c1a7e4d2839bef842d627,HOLOVERIFY_AP_REPLICATION_HOLO_INVALID_OR_INCOMPLETE,FALSE,9,8,4,45,27,18,,0,lock listed for completeness; metric inclusion depends on evidence_tier and row validity
LOCK_VALIDATION.json,docs/benchmark/holoverify_agentic_commerce_replication_2026-06-29/holo_live_runs_openai_w2/run_20260629T235436Z/LOCK_VALIDATION.json,docs/benchmark/holoverify_agentic_commerce_replication_2026-06-29/holo_live_runs_openai_w2/run_20260629T235436Z/live_results.json,FALSE,PASS,0e19b9ab73a62fab2da7ce57d9cbd5a3302fb7553f9c1a7e4d2839bef842d627,HOLOVERIFY_AP_REPLICATION_HOLO_INVALID_OR_INCOMPLETE,FALSE,9,8,4,45,27,18,,0,lock listed for completeness; metric inclusion depends on evidence_tier and row validity
LOCK_MANIFEST.json,docs/benchmark/holoverify_agentic_commerce_replication_2026-06-29/holo_live_runs_openai_w2/run_20260630T032421Z/LOCK_MANIFEST.json,docs/benchmark/holoverify_agentic_commerce_replication_2026-06-29/holo_live_runs_openai_w2/run_20260630T032421Z/live_results.json,TRUE,,3a2e719aeb8a03df8807214ea0a3c350868c090df05f69ae30a6e5d46bfb20ff,HOLOVERIFY_AP_REPLICATION_HOLO_INVALID_OR_INCOMPLETE,FALSE,25,24,12,122,73,49,,0,lock listed for completeness; metric inclusion depends on evidence_tier and row validity
LOCK_VALIDATION.json,docs/benchmark/holoverify_agentic_commerce_replication_2026-06-29/holo_live_runs_openai_w2/run_20260630T032421Z/LOCK_VALIDATION.json,docs/benchmark/holoverify_agentic_commerce_replication_2026-06-29/holo_live_runs_openai_w2/run_20260630T032421Z/live_results.json,TRUE,PASS,3a2e719aeb8a03df8807214ea0a3c350868c090df05f69ae30a6e5d46bfb20ff,HOLOVERIFY_AP_REPLICATION_HOLO_INVALID_OR_INCOMPLETE,FALSE,25,24,12,122,73,49,,0,lock listed for completeness; metric inclusion depends on evidence_tier and row validity
LOCK_MANIFEST.json,docs/benchmark/holoverify_agentic_commerce_replication_2026-06-29/holo_live_runs_openai_w2_batched/batch_1/run_20260630T222408Z/LOCK_MANIFEST.json,docs/benchmark/holoverify_agentic_commerce_replication_2026-06-29/holo_live_runs_openai_w2_batched/batch_1/run_20260630T222408Z/batch_results.json,FALSE,,460ecd98dda3e3746d55298e4537d05bd1842b43ef44a497bf98c8106fdef36f,COMMERCE_OPENAI_W2_BATCHED_HOLO_BATCH_INVALID_OR_INCOMPLETE,FALSE,14,13,6,70,42,28,0,0,lock listed for completeness; metric inclusion depends on evidence_tier and row validity
LOCK_VALIDATION.json,docs/benchmark/holoverify_agentic_commerce_replication_2026-06-29/holo_live_runs_openai_w2_batched/batch_1/run_20260630T222408Z/LOCK_VALIDATION.json,docs/benchmark/holoverify_agentic_commerce_replication_2026-06-29/holo_live_runs_openai_w2_batched/batch_1/run_20260630T222408Z/batch_results.json,FALSE,PASS,460ecd98dda3e3746d55298e4537d05bd1842b43ef44a497bf98c8106fdef36f,COMMERCE_OPENAI_W2_BATCHED_HOLO_BATCH_INVALID_OR_INCOMPLETE,FALSE,14,13,6,70,42,28,0,0,lock listed for completeness; metric inclusion depends on evidence_tier and row validity
LOCK_MANIFEST.json,docs/benchmark/holoverify_agentic_commerce_replication_2026-06-29/holo_live_runs_openai_w2_batched/batch_1/run_20260630T223800Z/LOCK_MANIFEST.json,docs/benchmark/holoverify_agentic_commerce_replication_2026-06-29/holo_live_runs_openai_w2_batched/batch_1/run_20260630T223800Z/batch_results.json,FALSE,,1ed9ca55b4bdc65f13db2f5ef463b8554aa24419b94f8f3ec17c95cb58603258,COMMERCE_OPENAI_W2_BATCHED_HOLO_BATCH_INVALID_OR_INCOMPLETE,FALSE,6,5,2,27,16,11,0,0,lock listed for completeness; metric inclusion depends on evidence_tier and row validity
LOCK_VALIDATION.json,docs/benchmark/holoverify_agentic_commerce_replication_2026-06-29/holo_live_runs_openai_w2_batched/batch_1/run_20260630T223800Z/LOCK_VALIDATION.json,docs/benchmark/holoverify_agentic_commerce_replication_2026-06-29/holo_live_runs_openai_w2_batched/batch_1/run_20260630T223800Z/batch_results.json,FALSE,PASS,1ed9ca55b4bdc65f13db2f5ef463b8554aa24419b94f8f3ec17c95cb58603258,COMMERCE_OPENAI_W2_BATCHED_HOLO_BATCH_INVALID_OR_INCOMPLETE,FALSE,6,5,2,27,16,11,0,0,lock listed for completeness; metric inclusion depends on evidence_tier and row validity
LOCK_MANIFEST.json,docs/benchmark/holoverify_agentic_commerce_replication_2026-06-29/holo_live_runs_openai_w2_batched/batch_1/run_20260630T230945Z/LOCK_MANIFEST.json,docs/benchmark/holoverify_agentic_commerce_replication_2026-06-29/holo_live_runs_openai_w2_batched/batch_1/run_20260630T230945Z/batch_results.json,FALSE,,0ff2b26600f9d804f65184d4801993622c8c6414edfd71e4ab80035f7eed465a,COMMERCE_OPENAI_W2_BATCHED_HOLO_BATCH_INVALID_OR_INCOMPLETE,FALSE,5,4,2,25,15,10,0,0,lock listed for completeness; metric inclusion depends on evidence_tier and row validity
LOCK_VALIDATION.json,docs/benchmark/holoverify_agentic_commerce_replication_2026-06-29/holo_live_runs_openai_w2_batched/batch_1/run_20260630T230945Z/LOCK_VALIDATION.json,docs/benchmark/holoverify_agentic_commerce_replication_2026-06-29/holo_live_runs_openai_w2_batched/batch_1/run_20260630T230945Z/batch_results.json,FALSE,PASS,0ff2b26600f9d804f65184d4801993622c8c6414edfd71e4ab80035f7eed465a,COMMERCE_OPENAI_W2_BATCHED_HOLO_BATCH_INVALID_OR_INCOMPLETE,FALSE,5,4,2,25,15,10,0,0,lock listed for completeness; metric inclusion depends on evidence_tier and row validity
LOCK_MANIFEST.json,docs/benchmark/holoverify_agentic_commerce_replication_2026-06-29/holo_live_runs_openai_w2_batched/batch_1/run_20260630T232312Z/LOCK_MANIFEST.json,docs/benchmark/holoverify_agentic_commerce_replication_2026-06-29/holo_live_runs_openai_w2_batched/batch_1/run_20260630T232312Z/batch_results.json,TRUE,,95c5033ed9d6b5b3fd481fc539e956ecab2bf61e8565002f05c1ba310ec734b6,COMMERCE_OPENAI_W2_BATCHED_HOLO_BATCH_COMPLETE,TRUE,14,14,7,70,42,28,0,0,lock listed for completeness; metric inclusion depends on evidence_tier and row validity
LOCK_VALIDATION.json,docs/benchmark/holoverify_agentic_commerce_replication_2026-06-29/holo_live_runs_openai_w2_batched/batch_1/run_20260630T232312Z/LOCK_VALIDATION.json,docs/benchmark/holoverify_agentic_commerce_replication_2026-06-29/holo_live_runs_openai_w2_batched/batch_1/run_20260630T232312Z/batch_results.json,TRUE,PASS,95c5033ed9d6b5b3fd481fc539e956ecab2bf61e8565002f05c1ba310ec734b6,COMMERCE_OPENAI_W2_BATCHED_HOLO_BATCH_COMPLETE,TRUE,14,14,7,70,42,28,0,0,lock listed for completeness; metric inclusion depends on evidence_tier and row validity
LOCK_MANIFEST.json,docs/benchmark/holoverify_agentic_commerce_replication_2026-06-29/holo_live_runs_openai_w2_batched/batch_2/run_20260630T233428Z/LOCK_MANIFEST.json,docs/benchmark/holoverify_agentic_commerce_replication_2026-06-29/holo_live_runs_openai_w2_batched/batch_2/run_20260630T233428Z/batch_results.json,TRUE,,37c6cef4af7467d93e007edff327ecd3ad9b5bfc47414f4403c7b6d0f18b91a5,COMMERCE_OPENAI_W2_BATCHED_HOLO_BATCH_COMPLETE,TRUE,14,14,7,70,42,28,0,0,lock listed for completeness; metric inclusion depends on evidence_tier and row validity
LOCK_VALIDATION.json,docs/benchmark/holoverify_agentic_commerce_replication_2026-06-29/holo_live_runs_openai_w2_batched/batch_2/run_20260630T233428Z/LOCK_VALIDATION.json,docs/benchmark/holoverify_agentic_commerce_replication_2026-06-29/holo_live_runs_openai_w2_batched/batch_2/run_20260630T233428Z/batch_results.json,TRUE,PASS,37c6cef4af7467d93e007edff327ecd3ad9b5bfc47414f4403c7b6d0f18b91a5,COMMERCE_OPENAI_W2_BATCHED_HOLO_BATCH_COMPLETE,TRUE,14,14,7,70,42,28,0,0,lock listed for completeness; metric inclusion depends on evidence_tier and row validity
LOCK_MANIFEST.json,docs/benchmark/holoverify_agentic_commerce_replication_2026-06-29/holo_live_runs_openai_w2_batched/batch_3/run_20260630T234405Z/LOCK_MANIFEST.json,docs/benchmark/holoverify_agentic_commerce_replication_2026-06-29/holo_live_runs_openai_w2_batched/batch_3/run_20260630T234405Z/batch_results.json,TRUE,,ab10e5d5db4c7c4d9b252489258fc3fc669b2759c3e7c9173b84bfb46880f71d,COMMERCE_OPENAI_W2_BATCHED_HOLO_BATCH_COMPLETE,TRUE,12,12,6,60,36,24,0,0,lock listed for completeness; metric inclusion depends on evidence_tier and row validity
LOCK_VALIDATION.json,docs/benchmark/holoverify_agentic_commerce_replication_2026-06-29/holo_live_runs_openai_w2_batched/batch_3/run_20260630T234405Z/LOCK_VALIDATION.json,docs/benchmark/holoverify_agentic_commerce_replication_2026-06-29/holo_live_runs_openai_w2_batched/batch_3/run_20260630T234405Z/batch_results.json,TRUE,PASS,ab10e5d5db4c7c4d9b252489258fc3fc669b2759c3e7c9173b84bfb46880f71d,COMMERCE_OPENAI_W2_BATCHED_HOLO_BATCH_COMPLETE,TRUE,12,12,6,60,36,24,0,0,lock listed for completeness; metric inclusion depends on evidence_tier and row validity
AP_LOCK_MANIFEST.json,docs/benchmark/holoverify_ap_procurement_replication_2026-06-29/final_evidence_package/AP_LOCK_MANIFEST.json,,FALSE,,55ddd011670ebf2f90dc98fd4ee84e4eab5959a7c123974379109785bf4db1d9,HOLOVERIFY_AP_REPLICATION_AP_LOCK_MANIFEST,,,,,,,,,,lock listed for completeness; metric inclusion depends on evidence_tier and row validity
AP_LOCK_VALIDATION.json,docs/benchmark/holoverify_ap_procurement_replication_2026-06-29/final_evidence_package/AP_LOCK_VALIDATION.json,,FALSE,PASS,55ddd011670ebf2f90dc98fd4ee84e4eab5959a7c123974379109785bf4db1d9,,,,,,,,,,,lock listed for completeness; metric inclusion depends on evidence_tier and row validity
LOCK_MANIFEST.json,docs/benchmark/holoverify_ap_procurement_replication_2026-06-29/holo_canary_openai_w2/run_20260629T153048Z/LOCK_MANIFEST.json,docs/benchmark/holoverify_ap_procurement_replication_2026-06-29/holo_canary_openai_w2/run_20260629T153048Z/canary_results.json,FALSE,,43258ccb165f62beedf8df92521f89b565c37d504d8afcc59399b10b4e38ded2,AP_OPENAI_W2_CANARY_INVALID_OR_INCOMPLETE,FALSE,,,,2,1,1,0,0,lock listed for completeness; metric inclusion depends on evidence_tier and row validity
LOCK_VALIDATION.json,docs/benchmark/holoverify_ap_procurement_replication_2026-06-29/holo_canary_openai_w2/run_20260629T153048Z/LOCK_VALIDATION.json,docs/benchmark/holoverify_ap_procurement_replication_2026-06-29/holo_canary_openai_w2/run_20260629T153048Z/canary_results.json,FALSE,PASS,43258ccb165f62beedf8df92521f89b565c37d504d8afcc59399b10b4e38ded2,AP_OPENAI_W2_CANARY_INVALID_OR_INCOMPLETE,FALSE,,,,2,1,1,0,0,lock listed for completeness; metric inclusion depends on evidence_tier and row validity
LOCK_MANIFEST.json,docs/benchmark/holoverify_ap_procurement_replication_2026-06-29/holo_canary_openai_w2/run_20260629T164305Z/LOCK_MANIFEST.json,docs/benchmark/holoverify_ap_procurement_replication_2026-06-29/holo_canary_openai_w2/run_20260629T164305Z/canary_results.json,FALSE,,2f57eef05775c002a7ef311b7ad9b9a30dba6bd5965dcde63831997c9fdfbd2a,AP_OPENAI_W2_CANARY_READY_FOR_FULL_FAMILY_RUN,TRUE,,,,10,6,4,0,0,lock listed for completeness; metric inclusion depends on evidence_tier and row validity
LOCK_VALIDATION.json,docs/benchmark/holoverify_ap_procurement_replication_2026-06-29/holo_canary_openai_w2/run_20260629T164305Z/LOCK_VALIDATION.json,docs/benchmark/holoverify_ap_procurement_replication_2026-06-29/holo_canary_openai_w2/run_20260629T164305Z/canary_results.json,FALSE,PASS,2f57eef05775c002a7ef311b7ad9b9a30dba6bd5965dcde63831997c9fdfbd2a,AP_OPENAI_W2_CANARY_READY_FOR_FULL_FAMILY_RUN,TRUE,,,,10,6,4,0,0,lock listed for completeness; metric inclusion depends on evidence_tier and row validity
LOCK_MANIFEST.json,docs/benchmark/holoverify_ap_procurement_replication_2026-06-29/holo_canary_openai_w2_all_six_collapse/run_20260629T191023Z/LOCK_MANIFEST.json,docs/benchmark/holoverify_ap_procurement_replication_2026-06-29/holo_canary_openai_w2_all_six_collapse/run_20260629T191023Z/canary_results.json,FALSE,,5b837aa8faa85cf754bb1b97099e86b99a3f0cf7fed626aeee1997805339e545,AP_OPENAI_W2_ALL_SIX_COLLAPSE_HOLO_CANARY_INVALID_OR_INCOMPLETE,FALSE,6,5,0,26,16,10,0,0,lock listed for completeness; metric inclusion depends on evidence_tier and row validity
LOCK_VALIDATION.json,docs/benchmark/holoverify_ap_procurement_replication_2026-06-29/holo_canary_openai_w2_all_six_collapse/run_20260629T191023Z/LOCK_VALIDATION.json,docs/benchmark/holoverify_ap_procurement_replication_2026-06-29/holo_canary_openai_w2_all_six_collapse/run_20260629T191023Z/canary_results.json,FALSE,PASS,5b837aa8faa85cf754bb1b97099e86b99a3f0cf7fed626aeee1997805339e545,AP_OPENAI_W2_ALL_SIX_COLLAPSE_HOLO_CANARY_INVALID_OR_INCOMPLETE,FALSE,6,5,0,26,16,10,0,0,lock listed for completeness; metric inclusion depends on evidence_tier and row validity
LOCK_MANIFEST.json,docs/benchmark/holoverify_ap_procurement_replication_2026-06-29/holo_canary_openai_w2_all_six_collapse/run_20260629T193200Z/LOCK_MANIFEST.json,docs/benchmark/holoverify_ap_procurement_replication_2026-06-29/holo_canary_openai_w2_all_six_collapse/run_20260629T193200Z/canary_results.json,FALSE,,543b44f88dedff4715d35b87066c440a8a09ef1a512072fb2ef55927c1052ed0,AP_OPENAI_W2_ALL_SIX_COLLAPSE_HOLO_CANARY_INVALID_OR_INCOMPLETE,FALSE,12,12,2,60,36,24,0,0,lock listed for completeness; metric inclusion depends on evidence_tier and row validity
LOCK_VALIDATION.json,docs/benchmark/holoverify_ap_procurement_replication_2026-06-29/holo_canary_openai_w2_all_six_collapse/run_20260629T193200Z/LOCK_VALIDATION.json,docs/benchmark/holoverify_ap_procurement_replication_2026-06-29/holo_canary_openai_w2_all_six_collapse/run_20260629T193200Z/canary_results.json,FALSE,PASS,543b44f88dedff4715d35b87066c440a8a09ef1a512072fb2ef55927c1052ed0,AP_OPENAI_W2_ALL_SIX_COLLAPSE_HOLO_CANARY_INVALID_OR_INCOMPLETE,FALSE,12,12,2,60,36,24,0,0,lock listed for completeness; metric inclusion depends on evidence_tier and row validity
LOCK_MANIFEST.json,docs/benchmark/holoverify_ap_procurement_replication_2026-06-29/holo_live_runs/run_20260629T105111Z/LOCK_MANIFEST.json,docs/benchmark/holoverify_ap_procurement_replication_2026-06-29/holo_live_runs/run_20260629T105111Z/live_results.json,FALSE,,6a39255165a0e71a112094377e5a56dc66d1111ecc1c48adf267069919821cc2,HOLOVERIFY_AP_REPLICATION_HOLO_INVALID_OR_INCOMPLETE,FALSE,27,26,13,133,80,53,,0,lock listed for completeness; metric inclusion depends on evidence_tier and row validity
LOCK_VALIDATION.json,docs/benchmark/holoverify_ap_procurement_replication_2026-06-29/holo_live_runs/run_20260629T105111Z/LOCK_VALIDATION.json,docs/benchmark/holoverify_ap_procurement_replication_2026-06-29/holo_live_runs/run_20260629T105111Z/live_results.json,FALSE,PASS,6a39255165a0e71a112094377e5a56dc66d1111ecc1c48adf267069919821cc2,HOLOVERIFY_AP_REPLICATION_HOLO_INVALID_OR_INCOMPLETE,FALSE,27,26,13,133,80,53,,0,lock listed for completeness; metric inclusion depends on evidence_tier and row validity
LOCK_MANIFEST.json,docs/benchmark/holoverify_ap_procurement_replication_2026-06-29/holo_live_runs/run_20260629T110920Z/LOCK_MANIFEST.json,docs/benchmark/holoverify_ap_procurement_replication_2026-06-29/holo_live_runs/run_20260629T110920Z/live_results.json,FALSE,,e0d4f7fe2e4d7a0376603b13cdd89b99bc5303e462a382af271a858db433d989,HOLOVERIFY_AP_REPLICATION_HOLO_INVALID_OR_INCOMPLETE,FALSE,9,8,4,43,26,17,,0,lock listed for completeness; metric inclusion depends on evidence_tier and row validity
LOCK_VALIDATION.json,docs/benchmark/holoverify_ap_procurement_replication_2026-06-29/holo_live_runs/run_20260629T110920Z/LOCK_VALIDATION.json,docs/benchmark/holoverify_ap_procurement_replication_2026-06-29/holo_live_runs/run_20260629T110920Z/live_results.json,FALSE,PASS,e0d4f7fe2e4d7a0376603b13cdd89b99bc5303e462a382af271a858db433d989,HOLOVERIFY_AP_REPLICATION_HOLO_INVALID_OR_INCOMPLETE,FALSE,9,8,4,43,26,17,,0,lock listed for completeness; metric inclusion depends on evidence_tier and row validity
LOCK_MANIFEST.json,docs/benchmark/holoverify_ap_procurement_replication_2026-06-29/holo_live_runs/run_20260629T111600Z/LOCK_MANIFEST.json,docs/benchmark/holoverify_ap_procurement_replication_2026-06-29/holo_live_runs/run_20260629T111600Z/live_results.json,FALSE,,3a2ef6c9e7b0e682493d1390e69416c6a99750392e107f3f54268dabbdb4af50,HOLOVERIFY_AP_REPLICATION_HOLO_INVALID_OR_INCOMPLETE,FALSE,6,5,2,28,17,11,,0,lock listed for completeness; metric inclusion depends on evidence_tier and row validity
LOCK_VALIDATION.json,docs/benchmark/holoverify_ap_procurement_replication_2026-06-29/holo_live_runs/run_20260629T111600Z/LOCK_VALIDATION.json,docs/benchmark/holoverify_ap_procurement_replication_2026-06-29/holo_live_runs/run_20260629T111600Z/live_results.json,FALSE,PASS,3a2ef6c9e7b0e682493d1390e69416c6a99750392e107f3f54268dabbdb4af50,HOLOVERIFY_AP_REPLICATION_HOLO_INVALID_OR_INCOMPLETE,FALSE,6,5,2,28,17,11,,0,lock listed for completeness; metric inclusion depends on evidence_tier and row validity
LOCK_MANIFEST.json,docs/benchmark/holoverify_ap_procurement_replication_2026-06-29/holo_live_runs_openai_w2/run_20260629T132430Z/LOCK_MANIFEST.json,docs/benchmark/holoverify_ap_procurement_replication_2026-06-29/holo_live_runs_openai_w2/run_20260629T132430Z/live_results.json,FALSE,,c898ddaef16ebb5245b52368d31ec995c15a00ea511a086eabf0258dcb025acc,HOLOVERIFY_AP_REPLICATION_HOLO_INVALID_OR_INCOMPLETE,FALSE,2,1,0,8,5,3,,0,lock listed for completeness; metric inclusion depends on evidence_tier and row validity
LOCK_VALIDATION.json,docs/benchmark/holoverify_ap_procurement_replication_2026-06-29/holo_live_runs_openai_w2/run_20260629T132430Z/LOCK_VALIDATION.json,docs/benchmark/holoverify_ap_procurement_replication_2026-06-29/holo_live_runs_openai_w2/run_20260629T132430Z/live_results.json,FALSE,PASS,c898ddaef16ebb5245b52368d31ec995c15a00ea511a086eabf0258dcb025acc,HOLOVERIFY_AP_REPLICATION_HOLO_INVALID_OR_INCOMPLETE,FALSE,2,1,0,8,5,3,,0,lock listed for completeness; metric inclusion depends on evidence_tier and row validity
LOCK_MANIFEST.json,docs/benchmark/holoverify_ap_procurement_replication_2026-06-29/holo_live_runs_openai_w2/run_20260629T134644Z/LOCK_MANIFEST.json,docs/benchmark/holoverify_ap_procurement_replication_2026-06-29/holo_live_runs_openai_w2/run_20260629T134644Z/live_results.json,TRUE,,f2d05e7dc264e2b34b8adcb18c6f5138f6b89029413fc9136268cb4dab2b3f76,HOLOVERIFY_AP_REPLICATION_HOLO_INVALID_OR_INCOMPLETE,FALSE,1,0,0,3,2,1,,0,lock listed for completeness; metric inclusion depends on evidence_tier and row validity
LOCK_VALIDATION.json,docs/benchmark/holoverify_ap_procurement_replication_2026-06-29/holo_live_runs_openai_w2/run_20260629T134644Z/LOCK_VALIDATION.json,docs/benchmark/holoverify_ap_procurement_replication_2026-06-29/holo_live_runs_openai_w2/run_20260629T134644Z/live_results.json,TRUE,PASS,f2d05e7dc264e2b34b8adcb18c6f5138f6b89029413fc9136268cb4dab2b3f76,HOLOVERIFY_AP_REPLICATION_HOLO_INVALID_OR_INCOMPLETE,FALSE,1,0,0,3,2,1,,0,lock listed for completeness; metric inclusion depends on evidence_tier and row validity
LOCK_MANIFEST.json,docs/benchmark/holoverify_ap_procurement_replication_2026-06-29/holo_live_runs_openai_w2/run_20260629T140257Z/LOCK_MANIFEST.json,docs/benchmark/holoverify_ap_procurement_replication_2026-06-29/holo_live_runs_openai_w2/run_20260629T140257Z/live_results.json,FALSE,,1e496723032e89fb52f4ff0606f6635bd3ede5f109a58c0d623fa2b7a906f883,HOLOVERIFY_AP_REPLICATION_HOLO_INVALID_OR_INCOMPLETE,FALSE,1,0,0,2,1,1,,0,lock listed for completeness; metric inclusion depends on evidence_tier and row validity
LOCK_VALIDATION.json,docs/benchmark/holoverify_ap_procurement_replication_2026-06-29/holo_live_runs_openai_w2/run_20260629T140257Z/LOCK_VALIDATION.json,docs/benchmark/holoverify_ap_procurement_replication_2026-06-29/holo_live_runs_openai_w2/run_20260629T140257Z/live_results.json,FALSE,PASS,1e496723032e89fb52f4ff0606f6635bd3ede5f109a58c0d623fa2b7a906f883,HOLOVERIFY_AP_REPLICATION_HOLO_INVALID_OR_INCOMPLETE,FALSE,1,0,0,2,1,1,,0,lock listed for completeness; metric inclusion depends on evidence_tier and row validity
LOCK_MANIFEST.json,docs/benchmark/holoverify_ap_procurement_replication_2026-06-29/holo_live_runs_openai_w2/run_20260629T172157Z/LOCK_MANIFEST.json,docs/benchmark/holoverify_ap_procurement_replication_2026-06-29/holo_live_runs_openai_w2/run_20260629T172157Z/live_results.json,TRUE,,56c394c71bff90dfb26d597b91b8d80d83b3dc835057925e7643a58c9f964b4d,HOLOVERIFY_AP_REPLICATION_HOLO_INVALID_OR_INCOMPLETE,FALSE,1,0,0,2,1,1,,0,lock listed for completeness; metric inclusion depends on evidence_tier and row validity
LOCK_VALIDATION.json,docs/benchmark/holoverify_ap_procurement_replication_2026-06-29/holo_live_runs_openai_w2/run_20260629T172157Z/LOCK_VALIDATION.json,docs/benchmark/holoverify_ap_procurement_replication_2026-06-29/holo_live_runs_openai_w2/run_20260629T172157Z/live_results.json,TRUE,PASS,56c394c71bff90dfb26d597b91b8d80d83b3dc835057925e7643a58c9f964b4d,HOLOVERIFY_AP_REPLICATION_HOLO_INVALID_OR_INCOMPLETE,FALSE,1,0,0,2,1,1,,0,lock listed for completeness; metric inclusion depends on evidence_tier and row validity
LOCK_MANIFEST.json,docs/benchmark/holoverify_ap_procurement_replication_2026-06-29/holo_live_runs_openai_w2/run_20260629T201840Z/LOCK_MANIFEST.json,docs/benchmark/holoverify_ap_procurement_replication_2026-06-29/holo_live_runs_openai_w2/run_20260629T201840Z/live_results.json,TRUE,,70c67edb657e79f6550441e76d301a5e7f78d4b12347a12e8964229d73af15d6,HOLOVERIFY_AP_REPLICATION_HOLO_COMPLETE,TRUE,40,40,20,200,120,80,,0,lock listed for completeness; metric inclusion depends on evidence_tier and row validity
LOCK_VALIDATION.json,docs/benchmark/holoverify_ap_procurement_replication_2026-06-29/holo_live_runs_openai_w2/run_20260629T201840Z/LOCK_VALIDATION.json,docs/benchmark/holoverify_ap_procurement_replication_2026-06-29/holo_live_runs_openai_w2/run_20260629T201840Z/live_results.json,TRUE,PASS,70c67edb657e79f6550441e76d301a5e7f78d4b12347a12e8964229d73af15d6,HOLOVERIFY_AP_REPLICATION_HOLO_COMPLETE,TRUE,40,40,20,200,120,80,,0,lock listed for completeness; metric inclusion depends on evidence_tier and row validity
RUN_LOCK_MANIFEST.json,docs/benchmark/holoverify_ap_procurement_replication_2026-06-29/solo_one_shot_against_ap_holo/run_20260629T205752Z/RUN_LOCK_MANIFEST.json,docs/benchmark/holoverify_ap_procurement_replication_2026-06-29/solo_one_shot_against_ap_holo/run_20260629T205752Z/solo_results.json,TRUE,,6cdcf8f56859e6c9c33f9b02d515278c52791493275cd26110bd574ba5379199,AP_SOLO_ONE_SHOT_3MINI_COMPLETE,,,,,120,,0,,0,lock listed for completeness; metric inclusion depends on evidence_tier and row validity
RUN_LOCK_VALIDATION.json,docs/benchmark/holoverify_ap_procurement_replication_2026-06-29/solo_one_shot_against_ap_holo/run_20260629T205752Z/RUN_LOCK_VALIDATION.json,docs/benchmark/holoverify_ap_procurement_replication_2026-06-29/solo_one_shot_against_ap_holo/run_20260629T205752Z/solo_results.json,TRUE,PASS,6cdcf8f56859e6c9c33f9b02d515278c52791493275cd26110bd574ba5379199,AP_SOLO_ONE_SHOT_3MINI_COMPLETE,,,,,120,,0,,0,lock listed for completeness; metric inclusion depends on evidence_tier and row validity
LOCK_MANIFEST.json,docs/benchmark/holoverify_it_access_replication_2026-06-30/holo_live_runs_openai_w2_batched/batch_1/run_20260701T003031Z/LOCK_MANIFEST.json,docs/benchmark/holoverify_it_access_replication_2026-06-30/holo_live_runs_openai_w2_batched/batch_1/run_20260701T003031Z/batch_results.json,TRUE,,6c40d63f080a752660735179b3c0d7e4b66c471ace36b2c4b03cb0f60497f26d,IT_ACCESS_OPENAI_W2_BATCHED_HOLO_BATCH_COMPLETE,TRUE,14,14,7,70,42,28,0,0,lock listed for completeness; metric inclusion depends on evidence_tier and row validity
LOCK_VALIDATION.json,docs/benchmark/holoverify_it_access_replication_2026-06-30/holo_live_runs_openai_w2_batched/batch_1/run_20260701T003031Z/LOCK_VALIDATION.json,docs/benchmark/holoverify_it_access_replication_2026-06-30/holo_live_runs_openai_w2_batched/batch_1/run_20260701T003031Z/batch_results.json,TRUE,PASS,6c40d63f080a752660735179b3c0d7e4b66c471ace36b2c4b03cb0f60497f26d,IT_ACCESS_OPENAI_W2_BATCHED_HOLO_BATCH_COMPLETE,TRUE,14,14,7,70,42,28,0,0,lock listed for completeness; metric inclusion depends on evidence_tier and row validity
LOCK_MANIFEST.json,docs/benchmark/holoverify_it_access_replication_2026-06-30/holo_live_runs_openai_w2_batched/batch_2/run_20260701T004011Z/LOCK_MANIFEST.json,docs/benchmark/holoverify_it_access_replication_2026-06-30/holo_live_runs_openai_w2_batched/batch_2/run_20260701T004011Z/batch_results.json,TRUE,,0e359612756c47d2d33faf5aec2db0400380dd641200db549682edfd631c2a50,IT_ACCESS_OPENAI_W2_BATCHED_HOLO_BATCH_INVALID_OR_INCOMPLETE,FALSE,10,9,4,46,28,18,0,0,lock listed for completeness; metric inclusion depends on evidence_tier and row validity
LOCK_VALIDATION.json,docs/benchmark/holoverify_it_access_replication_2026-06-30/holo_live_runs_openai_w2_batched/batch_2/run_20260701T004011Z/LOCK_VALIDATION.json,docs/benchmark/holoverify_it_access_replication_2026-06-30/holo_live_runs_openai_w2_batched/batch_2/run_20260701T004011Z/batch_results.json,TRUE,PASS,0e359612756c47d2d33faf5aec2db0400380dd641200db549682edfd631c2a50,IT_ACCESS_OPENAI_W2_BATCHED_HOLO_BATCH_INVALID_OR_INCOMPLETE,FALSE,10,9,4,46,28,18,0,0,lock listed for completeness; metric inclusion depends on evidence_tier and row validity
LOCK_MANIFEST.json,docs/benchmark/holoverify_it_access_replication_2026-06-30/holo_live_runs_openai_w2_batched/batch_2/run_20260701T005249Z/LOCK_MANIFEST.json,docs/benchmark/holoverify_it_access_replication_2026-06-30/holo_live_runs_openai_w2_batched/batch_2/run_20260701T005249Z/batch_results.json,TRUE,,1d0f268497ed5835623e764bfd49af085e26c3ac36d67f06ed4ad29ebad88db4,IT_ACCESS_OPENAI_W2_BATCHED_HOLO_BATCH_COMPLETE,TRUE,14,14,7,70,42,28,0,0,lock listed for completeness; metric inclusion depends on evidence_tier and row validity
LOCK_VALIDATION.json,docs/benchmark/holoverify_it_access_replication_2026-06-30/holo_live_runs_openai_w2_batched/batch_2/run_20260701T005249Z/LOCK_VALIDATION.json,docs/benchmark/holoverify_it_access_replication_2026-06-30/holo_live_runs_openai_w2_batched/batch_2/run_20260701T005249Z/batch_results.json,TRUE,PASS,1d0f268497ed5835623e764bfd49af085e26c3ac36d67f06ed4ad29ebad88db4,IT_ACCESS_OPENAI_W2_BATCHED_HOLO_BATCH_COMPLETE,TRUE,14,14,7,70,42,28,0,0,lock listed for completeness; metric inclusion depends on evidence_tier and row validity
LOCK_MANIFEST.json,docs/benchmark/holoverify_it_access_replication_2026-06-30/holo_live_runs_openai_w2_batched/batch_3/run_20260701T010300Z/LOCK_MANIFEST.json,docs/benchmark/holoverify_it_access_replication_2026-06-30/holo_live_runs_openai_w2_batched/batch_3/run_20260701T010300Z/batch_results.json,TRUE,,2b81bae7a0f4c6d594f9a4ee92a80946fda9f73edf57d78233e63ea32afc95bd,IT_ACCESS_OPENAI_W2_BATCHED_HOLO_BATCH_INVALID_OR_INCOMPLETE,FALSE,12,11,5,60,36,24,0,0,lock listed for completeness; metric inclusion depends on evidence_tier and row validity
LOCK_VALIDATION.json,docs/benchmark/holoverify_it_access_replication_2026-06-30/holo_live_runs_openai_w2_batched/batch_3/run_20260701T010300Z/LOCK_VALIDATION.json,docs/benchmark/holoverify_it_access_replication_2026-06-30/holo_live_runs_openai_w2_batched/batch_3/run_20260701T010300Z/batch_results.json,TRUE,PASS,2b81bae7a0f4c6d594f9a4ee92a80946fda9f73edf57d78233e63ea32afc95bd,IT_ACCESS_OPENAI_W2_BATCHED_HOLO_BATCH_INVALID_OR_INCOMPLETE,FALSE,12,11,5,60,36,24,0,0,lock listed for completeness; metric inclusion depends on evidence_tier and row validity
LOCK_MANIFEST.json,docs/benchmark/holoverify_it_access_replication_2026-06-30/holo_live_runs_openai_w2_batched/replacement_015r1/run_20260701T012935Z/LOCK_MANIFEST.json,docs/benchmark/holoverify_it_access_replication_2026-06-30/holo_live_runs_openai_w2_batched/replacement_015r1/run_20260701T012935Z/batch_results.json,TRUE,,625e7fccccaabeda618878a421746fb926008012f9ed81528e278eec25382d63,IT_ACCESS_OPENAI_W2_BATCHED_HOLO_BATCH_COMPLETE,TRUE,2,2,1,10,6,4,0,0,lock listed for completeness; metric inclusion depends on evidence_tier and row validity
LOCK_VALIDATION.json,docs/benchmark/holoverify_it_access_replication_2026-06-30/holo_live_runs_openai_w2_batched/replacement_015r1/run_20260701T012935Z/LOCK_VALIDATION.json,docs/benchmark/holoverify_it_access_replication_2026-06-30/holo_live_runs_openai_w2_batched/replacement_015r1/run_20260701T012935Z/batch_results.json,TRUE,PASS,625e7fccccaabeda618878a421746fb926008012f9ed81528e278eec25382d63,IT_ACCESS_OPENAI_W2_BATCHED_HOLO_BATCH_COMPLETE,TRUE,2,2,1,10,6,4,0,0,lock listed for completeness; metric inclusion depends on evidence_tier and row validity
FREEZE_MANIFEST.json,docs/benchmark/holoverify_it_access_replication_2026-06-30/it_access_replacement_pair_015r1_freeze_2026_07_01/FREEZE_MANIFEST.json,,TRUE,,/Users/taylorwigton/CascadeProjects/holo-mvp-holochat-4dna-foundation-001/docs/benchmark/holoverify_it_access_replication_2026-06-30/it_access_replacement_pair_015r1_freeze_2026_07_01,IT_ACCESS_REPLACEMENT_PAIR_015R1_FREEZE,,,,,,,,,,lock listed for completeness; metric inclusion depends on evidence_tier and row validity
IT_ACCESS_20PAIR_REPLACEMENT_ROLLUP_PACKAGE_2026_07_01_LOCK_MANIFEST.json,docs/benchmark/holoverify_it_access_replication_2026-06-30/replacement_rollup_public_package_2026_07_01/IT_ACCESS_20PAIR_REPLACEMENT_ROLLUP_PACKAGE_2026_07_01_LOCK_MANIFEST.json,,TRUE,,b09d4edc97eda5f9f90c73996e1675dc41d902a3b92c8f24ce7fe65fa6ddb6d3,IT_ACCESS_20PAIR_REPLACEMENT_ROLLUP_PACKAGE_2026_07_01_LOCK_MANIFEST,,,,,,,,,,lock listed for completeness; metric inclusion depends on evidence_tier and row validity
IT_ACCESS_20PAIR_REPLACEMENT_ROLLUP_PACKAGE_2026_07_01_LOCK_VALIDATION.json,docs/benchmark/holoverify_it_access_replication_2026-06-30/replacement_rollup_public_package_2026_07_01/IT_ACCESS_20PAIR_REPLACEMENT_ROLLUP_PACKAGE_2026_07_01_LOCK_VALIDATION.json,,TRUE,PASS,b09d4edc97eda5f9f90c73996e1675dc41d902a3b92c8f24ce7fe65fa6ddb6d3,IT_ACCESS_20PAIR_REPLACEMENT_ROLLUP_PACKAGE_2026_07_01_LOCK_VALIDATION,,,,,,,,,,lock listed for completeness; metric inclusion depends on evidence_tier and row validity
FREEZE_MANIFEST.json,docs/benchmark/holoverify_replication_packet_freeze_3families_2026-06-29/FREEZE_MANIFEST.json,,TRUE,,/Users/taylorwigton/CascadeProjects/holo-mvp-holochat-4dna-foundation-001/docs/benchmark/holoverify_replication_packet_freeze_3families_2026-06-29,HOLOVERIFY_REPLICATION_PACKET_FREEZE_3FAMILIES,,,,,,,,,,lock listed for completeness; metric inclusion depends on evidence_tier and row validity
SOLO_TRIAGE_LOCK_MANIFEST.json,docs/benchmark/holoverify_replication_packet_freeze_3families_2026-06-29/solo_triage_3mini/ap_family_120call/run_20260629T183456Z/SOLO_TRIAGE_LOCK_MANIFEST.json,docs/benchmark/holoverify_replication_packet_freeze_3families_2026-06-29/solo_triage_3mini/ap_family_120call/run_20260629T183456Z/solo_triage_results.json,FALSE,,77ca984828eea6538c69fd229cc530435ac908f922fd4db80835506a9d980dba,HOLOVERIFY_REPLICATION_3FAMILY_SOLO_TRIAGE_COMPLETE,,,,,120,,0,,0,lock listed for completeness; metric inclusion depends on evidence_tier and row validity
SOLO_TRIAGE_LOCK_VALIDATION.json,docs/benchmark/holoverify_replication_packet_freeze_3families_2026-06-29/solo_triage_3mini/ap_family_120call/run_20260629T183456Z/SOLO_TRIAGE_LOCK_VALIDATION.json,docs/benchmark/holoverify_replication_packet_freeze_3families_2026-06-29/solo_triage_3mini/ap_family_120call/run_20260629T183456Z/solo_triage_results.json,FALSE,PASS,77ca984828eea6538c69fd229cc530435ac908f922fd4db80835506a9d980dba,HOLOVERIFY_REPLICATION_3FAMILY_SOLO_TRIAGE_COMPLETE,,,,,120,,0,,0,lock listed for completeness; metric inclusion depends on evidence_tier and row validity
SOLO_TRIAGE_LOCK_MANIFEST.json,docs/benchmark/holoverify_replication_packet_freeze_3families_2026-06-29/solo_triage_3mini/ap_smoke_2pair_12call/run_20260629T182620Z/SOLO_TRIAGE_LOCK_MANIFEST.json,docs/benchmark/holoverify_replication_packet_freeze_3families_2026-06-29/solo_triage_3mini/ap_smoke_2pair_12call/run_20260629T182620Z/solo_triage_results.json,FALSE,,369d35e0d63632fa12a852e6830aa0660efe2c8f793e5191ab442809dc143bd5,HOLOVERIFY_REPLICATION_3FAMILY_SOLO_TRIAGE_COMPLETE,,,,,12,,0,,0,lock listed for completeness; metric inclusion depends on evidence_tier and row validity
SOLO_TRIAGE_LOCK_VALIDATION.json,docs/benchmark/holoverify_replication_packet_freeze_3families_2026-06-29/solo_triage_3mini/ap_smoke_2pair_12call/run_20260629T182620Z/SOLO_TRIAGE_LOCK_VALIDATION.json,docs/benchmark/holoverify_replication_packet_freeze_3families_2026-06-29/solo_triage_3mini/ap_smoke_2pair_12call/run_20260629T182620Z/solo_triage_results.json,FALSE,PASS,369d35e0d63632fa12a852e6830aa0660efe2c8f793e5191ab442809dc143bd5,HOLOVERIFY_REPLICATION_3FAMILY_SOLO_TRIAGE_COMPLETE,,,,,12,,0,,0,lock listed for completeness; metric inclusion depends on evidence_tier and row validity
SOLO_TRIAGE_LOCK_MANIFEST.json,docs/benchmark/holoverify_replication_packet_freeze_3families_2026-06-29/solo_triage_3mini/commerce_5pair_solo_triage/run_20260629T213519Z/SOLO_TRIAGE_LOCK_MANIFEST.json,docs/benchmark/holoverify_replication_packet_freeze_3families_2026-06-29/solo_triage_3mini/commerce_5pair_solo_triage/run_20260629T213519Z/solo_triage_results.json,FALSE,,0aea015c4388d8a24b0816640f440e1907a94f1775a607f4df76d1e1770cd9b3,HOLOVERIFY_REPLICATION_3FAMILY_SOLO_TRIAGE_COMPLETE,,,,,30,,0,,0,lock listed for completeness; metric inclusion depends on evidence_tier and row validity
SOLO_TRIAGE_LOCK_VALIDATION.json,docs/benchmark/holoverify_replication_packet_freeze_3families_2026-06-29/solo_triage_3mini/commerce_5pair_solo_triage/run_20260629T213519Z/SOLO_TRIAGE_LOCK_VALIDATION.json,docs/benchmark/holoverify_replication_packet_freeze_3families_2026-06-29/solo_triage_3mini/commerce_5pair_solo_triage/run_20260629T213519Z/solo_triage_results.json,FALSE,PASS,0aea015c4388d8a24b0816640f440e1907a94f1775a607f4df76d1e1770cd9b3,HOLOVERIFY_REPLICATION_3FAMILY_SOLO_TRIAGE_COMPLETE,,,,,30,,0,,0,lock listed for completeness; metric inclusion depends on evidence_tier and row validity
SOLO_TRIAGE_LOCK_MANIFEST.json,docs/benchmark/holoverify_replication_packet_freeze_3families_2026-06-29/solo_triage_3mini/commerce_family_120call/run_20260629T215153Z/SOLO_TRIAGE_LOCK_MANIFEST.json,docs/benchmark/holoverify_replication_packet_freeze_3families_2026-06-29/solo_triage_3mini/commerce_family_120call/run_20260629T215153Z/solo_triage_results.json,FALSE,,2194fc43b38fa10f16d648abc0204ae9245f73550709fb7dd431b3847fef39b6,HOLOVERIFY_REPLICATION_3FAMILY_SOLO_TRIAGE_INVALID_OR_INCOMPLETE,,,,,1,,0,,0,lock listed for completeness; metric inclusion depends on evidence_tier and row validity
SOLO_TRIAGE_LOCK_VALIDATION.json,docs/benchmark/holoverify_replication_packet_freeze_3families_2026-06-29/solo_triage_3mini/commerce_family_120call/run_20260629T215153Z/SOLO_TRIAGE_LOCK_VALIDATION.json,docs/benchmark/holoverify_replication_packet_freeze_3families_2026-06-29/solo_triage_3mini/commerce_family_120call/run_20260629T215153Z/solo_triage_results.json,FALSE,PASS,2194fc43b38fa10f16d648abc0204ae9245f73550709fb7dd431b3847fef39b6,HOLOVERIFY_REPLICATION_3FAMILY_SOLO_TRIAGE_INVALID_OR_INCOMPLETE,,,,,1,,0,,0,lock listed for completeness; metric inclusion depends on evidence_tier and row validity
SOLO_TRIAGE_LOCK_MANIFEST.json,docs/benchmark/holoverify_replication_packet_freeze_3families_2026-06-29/solo_triage_3mini/commerce_family_120call_retry/run_20260629T232454Z/SOLO_TRIAGE_LOCK_MANIFEST.json,docs/benchmark/holoverify_replication_packet_freeze_3families_2026-06-29/solo_triage_3mini/commerce_family_120call_retry/run_20260629T232454Z/solo_triage_results.json,TRUE,,d53c88c5c13a2bab9480b4d1e9b7a8026bf3f65edddd93ed837d41a148609860,HOLOVERIFY_REPLICATION_3FAMILY_SOLO_TRIAGE_COMPLETE,,,,,120,,0,,0,lock listed for completeness; metric inclusion depends on evidence_tier and row validity
SOLO_TRIAGE_LOCK_VALIDATION.json,docs/benchmark/holoverify_replication_packet_freeze_3families_2026-06-29/solo_triage_3mini/commerce_family_120call_retry/run_20260629T232454Z/SOLO_TRIAGE_LOCK_VALIDATION.json,docs/benchmark/holoverify_replication_packet_freeze_3families_2026-06-29/solo_triage_3mini/commerce_family_120call_retry/run_20260629T232454Z/solo_triage_results.json,TRUE,PASS,d53c88c5c13a2bab9480b4d1e9b7a8026bf3f65edddd93ed837d41a148609860,HOLOVERIFY_REPLICATION_3FAMILY_SOLO_TRIAGE_COMPLETE,,,,,120,,0,,0,lock listed for completeness; metric inclusion depends on evidence_tier and row validity
SOLO_TRIAGE_LOCK_MANIFEST.json,docs/benchmark/holoverify_replication_packet_freeze_3families_2026-06-29/solo_triage_3mini/it_access_5pair_solo_triage/run_20260701T000100Z/SOLO_TRIAGE_LOCK_MANIFEST.json,docs/benchmark/holoverify_replication_packet_freeze_3families_2026-06-29/solo_triage_3mini/it_access_5pair_solo_triage/run_20260701T000100Z/solo_triage_results.json,FALSE,,d0cce83f339daea13619aaccb3d27d8281b6cd03188bb484af9a66161fedc621,HOLOVERIFY_REPLICATION_3FAMILY_SOLO_TRIAGE_COMPLETE,,,,,30,,0,,0,lock listed for completeness; metric inclusion depends on evidence_tier and row validity
SOLO_TRIAGE_LOCK_VALIDATION.json,docs/benchmark/holoverify_replication_packet_freeze_3families_2026-06-29/solo_triage_3mini/it_access_5pair_solo_triage/run_20260701T000100Z/SOLO_TRIAGE_LOCK_VALIDATION.json,docs/benchmark/holoverify_replication_packet_freeze_3families_2026-06-29/solo_triage_3mini/it_access_5pair_solo_triage/run_20260701T000100Z/solo_triage_results.json,FALSE,PASS,d0cce83f339daea13619aaccb3d27d8281b6cd03188bb484af9a66161fedc621,HOLOVERIFY_REPLICATION_3FAMILY_SOLO_TRIAGE_COMPLETE,,,,,30,,0,,0,lock listed for completeness; metric inclusion depends on evidence_tier and row validity
SOLO_TRIAGE_LOCK_MANIFEST.json,docs/benchmark/holoverify_replication_packet_freeze_3families_2026-06-29/solo_triage_3mini/it_access_family_120call/run_20260701T000751Z/SOLO_TRIAGE_LOCK_MANIFEST.json,docs/benchmark/holoverify_replication_packet_freeze_3families_2026-06-29/solo_triage_3mini/it_access_family_120call/run_20260701T000751Z/solo_triage_results.json,TRUE,,0293783949a5a6561416a769e0854f6bf8dcb0edb9609e36d5fe74945397f0a4,HOLOVERIFY_REPLICATION_3FAMILY_SOLO_TRIAGE_COMPLETE,,,,,120,,0,,0,lock listed for completeness; metric inclusion depends on evidence_tier and row validity
SOLO_TRIAGE_LOCK_VALIDATION.json,docs/benchmark/holoverify_replication_packet_freeze_3families_2026-06-29/solo_triage_3mini/it_access_family_120call/run_20260701T000751Z/SOLO_TRIAGE_LOCK_VALIDATION.json,docs/benchmark/holoverify_replication_packet_freeze_3families_2026-06-29/solo_triage_3mini/it_access_family_120call/run_20260701T000751Z/solo_triage_results.json,TRUE,PASS,0293783949a5a6561416a769e0854f6bf8dcb0edb9609e36d5fe74945397f0a4,HOLOVERIFY_REPLICATION_3FAMILY_SOLO_TRIAGE_COMPLETE,,,,,120,,0,,0,lock listed for completeness; metric inclusion depends on evidence_tier and row validity
FREEZE_MANIFEST.json,docs/benchmark/holoverify_replication_packet_freeze_3families_wave2_2026-07-01/FREEZE_MANIFEST.json,,TRUE,,/Users/taylorwigton/CascadeProjects/holo-mvp-holochat-4dna-foundation-001/docs/benchmark/holoverify_replication_packet_freeze_3families_wave2_2026-07-01,HOLOVERIFY_REPLICATION_PACKET_FREEZE_3FAMILIES_WAVE2,,,,,,,,,,lock listed for completeness; metric inclusion depends on evidence_tier and row validity
LOCK_MANIFEST.json,docs/benchmark/holoverify_replication_packet_freeze_3families_wave2_2026-07-01/holo_target_batches/wave2_holo_target_batch_001/live_runs/run_20260701T042037Z/LOCK_MANIFEST.json,docs/benchmark/holoverify_replication_packet_freeze_3families_wave2_2026-07-01/holo_target_batches/wave2_holo_target_batch_001/live_runs/run_20260701T042037Z/live_results.json,TRUE,,c7b4f7a94021b33f0bbf0d261d44c04d4c9df39e25346923d9e9e983de13515a,WAVE2_HOLO_TARGET_BATCH_001_COMPLETE,TRUE,18,18,9,90,54,36,,0,lock listed for completeness; metric inclusion depends on evidence_tier and row validity
LOCK_VALIDATION.json,docs/benchmark/holoverify_replication_packet_freeze_3families_wave2_2026-07-01/holo_target_batches/wave2_holo_target_batch_001/live_runs/run_20260701T042037Z/LOCK_VALIDATION.json,docs/benchmark/holoverify_replication_packet_freeze_3families_wave2_2026-07-01/holo_target_batches/wave2_holo_target_batch_001/live_runs/run_20260701T042037Z/live_results.json,TRUE,PASS,c7b4f7a94021b33f0bbf0d261d44c04d4c9df39e25346923d9e9e983de13515a,WAVE2_HOLO_TARGET_BATCH_001_COMPLETE,TRUE,18,18,9,90,54,36,,0,lock listed for completeness; metric inclusion depends on evidence_tier and row validity
LOCK_MANIFEST.json,docs/benchmark/holoverify_replication_packet_freeze_3families_wave2_2026-07-01/holo_target_batches/wave2_holo_target_batch_002/live_runs/run_20260701T045827Z/LOCK_MANIFEST.json,docs/benchmark/holoverify_replication_packet_freeze_3families_wave2_2026-07-01/holo_target_batches/wave2_holo_target_batch_002/live_runs/run_20260701T045827Z/live_results.json,TRUE,,cff33dc80353a6022ea53629e0c8c40722f02c6a6a309ec9e06c9af1c9890ebd,WAVE2_HOLO_TARGET_BATCH_002_COMPLETE,TRUE,18,18,9,90,54,36,,0,lock listed for completeness; metric inclusion depends on evidence_tier and row validity
LOCK_VALIDATION.json,docs/benchmark/holoverify_replication_packet_freeze_3families_wave2_2026-07-01/holo_target_batches/wave2_holo_target_batch_002/live_runs/run_20260701T045827Z/LOCK_VALIDATION.json,docs/benchmark/holoverify_replication_packet_freeze_3families_wave2_2026-07-01/holo_target_batches/wave2_holo_target_batch_002/live_runs/run_20260701T045827Z/live_results.json,TRUE,PASS,cff33dc80353a6022ea53629e0c8c40722f02c6a6a309ec9e06c9af1c9890ebd,WAVE2_HOLO_TARGET_BATCH_002_COMPLETE,TRUE,18,18,9,90,54,36,,0,lock listed for completeness; metric inclusion depends on evidence_tier and row validity
LOCK_MANIFEST.json,docs/benchmark/holoverify_replication_packet_freeze_3families_wave2_2026-07-01/holo_target_batches/wave2_holo_target_batch_003/live_runs/run_20260701T054545Z/LOCK_MANIFEST.json,docs/benchmark/holoverify_replication_packet_freeze_3families_wave2_2026-07-01/holo_target_batches/wave2_holo_target_batch_003/live_runs/run_20260701T054545Z/live_results.json,TRUE,,3e2966d4fcf166a9810c96fefcc6b03364022668ff018ae7f31aa547fc40271a,WAVE2_HOLO_TARGET_BATCH_003_COMPLETE,TRUE,18,18,9,90,54,36,,0,lock listed for completeness; metric inclusion depends on evidence_tier and row validity
LOCK_VALIDATION.json,docs/benchmark/holoverify_replication_packet_freeze_3families_wave2_2026-07-01/holo_target_batches/wave2_holo_target_batch_003/live_runs/run_20260701T054545Z/LOCK_VALIDATION.json,docs/benchmark/holoverify_replication_packet_freeze_3families_wave2_2026-07-01/holo_target_batches/wave2_holo_target_batch_003/live_runs/run_20260701T054545Z/live_results.json,TRUE,PASS,3e2966d4fcf166a9810c96fefcc6b03364022668ff018ae7f31aa547fc40271a,WAVE2_HOLO_TARGET_BATCH_003_COMPLETE,TRUE,18,18,9,90,54,36,,0,lock listed for completeness; metric inclusion depends on evidence_tier and row validity
SOLO_TRIAGE_LOCK_MANIFEST.json,docs/benchmark/holoverify_replication_packet_freeze_3families_wave2_2026-07-01/solo_triage_3mini/wave2_data_privacy_solo_triage_clean_001/run_20260701T024118Z/SOLO_TRIAGE_LOCK_MANIFEST.json,docs/benchmark/holoverify_replication_packet_freeze_3families_wave2_2026-07-01/solo_triage_3mini/wave2_data_privacy_solo_triage_clean_001/run_20260701T024118Z/solo_triage_results.json,TRUE,,dea97ab977ec77ee511dd1c1f8b39af2188938710185fdfcbef90fa83f62b8f0,HOLOVERIFY_REPLICATION_3FAMILY_WAVE2_SOLO_TRIAGE_COMPLETE,,,,,120,,0,,0,lock listed for completeness; metric inclusion depends on evidence_tier and row validity
SOLO_TRIAGE_LOCK_VALIDATION.json,docs/benchmark/holoverify_replication_packet_freeze_3families_wave2_2026-07-01/solo_triage_3mini/wave2_data_privacy_solo_triage_clean_001/run_20260701T024118Z/SOLO_TRIAGE_LOCK_VALIDATION.json,docs/benchmark/holoverify_replication_packet_freeze_3families_wave2_2026-07-01/solo_triage_3mini/wave2_data_privacy_solo_triage_clean_001/run_20260701T024118Z/solo_triage_results.json,TRUE,PASS,dea97ab977ec77ee511dd1c1f8b39af2188938710185fdfcbef90fa83f62b8f0,HOLOVERIFY_REPLICATION_3FAMILY_WAVE2_SOLO_TRIAGE_COMPLETE,,,,,120,,0,,0,lock listed for completeness; metric inclusion depends on evidence_tier and row validity
SOLO_TRIAGE_LOCK_MANIFEST.json,docs/benchmark/holoverify_replication_packet_freeze_3families_wave2_2026-07-01/solo_triage_3mini/wave2_finance_close_solo_triage_clean_001/run_20260701T030250Z/SOLO_TRIAGE_LOCK_MANIFEST.json,docs/benchmark/holoverify_replication_packet_freeze_3families_wave2_2026-07-01/solo_triage_3mini/wave2_finance_close_solo_triage_clean_001/run_20260701T030250Z/solo_triage_results.json,TRUE,,24a5286c33d66744ed5876f8df83bdbf4dd0b1814afec611e65782b869a42dd1,HOLOVERIFY_REPLICATION_3FAMILY_WAVE2_SOLO_TRIAGE_COMPLETE,,,,,120,,0,,0,lock listed for completeness; metric inclusion depends on evidence_tier and row validity
SOLO_TRIAGE_LOCK_VALIDATION.json,docs/benchmark/holoverify_replication_packet_freeze_3families_wave2_2026-07-01/solo_triage_3mini/wave2_finance_close_solo_triage_clean_001/run_20260701T030250Z/SOLO_TRIAGE_LOCK_VALIDATION.json,docs/benchmark/holoverify_replication_packet_freeze_3families_wave2_2026-07-01/solo_triage_3mini/wave2_finance_close_solo_triage_clean_001/run_20260701T030250Z/solo_triage_results.json,TRUE,PASS,24a5286c33d66744ed5876f8df83bdbf4dd0b1814afec611e65782b869a42dd1,HOLOVERIFY_REPLICATION_3FAMILY_WAVE2_SOLO_TRIAGE_COMPLETE,,,,,120,,0,,0,lock listed for completeness; metric inclusion depends on evidence_tier and row validity
SOLO_TRIAGE_LOCK_MANIFEST.json,docs/benchmark/holoverify_replication_packet_freeze_3families_wave2_2026-07-01/solo_triage_3mini/wave2_workforce_solo_triage/run_20260701T020822Z/SOLO_TRIAGE_LOCK_MANIFEST.json,docs/benchmark/holoverify_replication_packet_freeze_3families_wave2_2026-07-01/solo_triage_3mini/wave2_workforce_solo_triage/run_20260701T020822Z/solo_triage_results.json,FALSE,,f7b5d4ff446c5abc9b3b17e6c1251f2bea458c3809fc3cb56b172ebef4e0bf1a,HOLOVERIFY_REPLICATION_3FAMILY_WAVE2_SOLO_TRIAGE_COMPLETE,,,,,120,,0,,0,lock listed for completeness; metric inclusion depends on evidence_tier and row validity
SOLO_TRIAGE_LOCK_VALIDATION.json,docs/benchmark/holoverify_replication_packet_freeze_3families_wave2_2026-07-01/solo_triage_3mini/wave2_workforce_solo_triage/run_20260701T020822Z/SOLO_TRIAGE_LOCK_VALIDATION.json,docs/benchmark/holoverify_replication_packet_freeze_3families_wave2_2026-07-01/solo_triage_3mini/wave2_workforce_solo_triage/run_20260701T020822Z/solo_triage_results.json,FALSE,PASS,f7b5d4ff446c5abc9b3b17e6c1251f2bea458c3809fc3cb56b172ebef4e0bf1a,HOLOVERIFY_REPLICATION_3FAMILY_WAVE2_SOLO_TRIAGE_COMPLETE,,,,,120,,0,,0,lock listed for completeness; metric inclusion depends on evidence_tier and row validity
SOLO_TRIAGE_LOCK_MANIFEST.json,docs/benchmark/holoverify_replication_packet_freeze_3families_wave2_2026-07-01/solo_triage_3mini/wave2_workforce_solo_triage_clean_001/run_20260701T021517Z/SOLO_TRIAGE_LOCK_MANIFEST.json,docs/benchmark/holoverify_replication_packet_freeze_3families_wave2_2026-07-01/solo_triage_3mini/wave2_workforce_solo_triage_clean_001/run_20260701T021517Z/solo_triage_results.json,TRUE,,93652c14021239aa8cb9ee4a5c8576b36f83fe75a16a8f028f2f819cdbc5643c,HOLOVERIFY_REPLICATION_3FAMILY_WAVE2_SOLO_TRIAGE_COMPLETE,,,,,120,,0,,0,lock listed for completeness; metric inclusion depends on evidence_tier and row validity
SOLO_TRIAGE_LOCK_VALIDATION.json,docs/benchmark/holoverify_replication_packet_freeze_3families_wave2_2026-07-01/solo_triage_3mini/wave2_workforce_solo_triage_clean_001/run_20260701T021517Z/SOLO_TRIAGE_LOCK_VALIDATION.json,docs/benchmark/holoverify_replication_packet_freeze_3families_wave2_2026-07-01/solo_triage_3mini/wave2_workforce_solo_triage_clean_001/run_20260701T021517Z/solo_triage_results.json,TRUE,PASS,93652c14021239aa8cb9ee4a5c8576b36f83fe75a16a8f028f2f819cdbc5643c,HOLOVERIFY_REPLICATION_3FAMILY_WAVE2_SOLO_TRIAGE_COMPLETE,,,,,120,,0,,0,lock listed for completeness; metric inclusion depends on evidence_tier and row validity
SOLO_TRIAGE_LOCK_MANIFEST.json,docs/benchmark/holoverify_replication_packet_freeze_3families_wave2_2026-07-01/solo_triage_3mini/wave2_workforce_solo_triage_clean_001/run_20260701T022623Z/SOLO_TRIAGE_LOCK_MANIFEST.json,docs/benchmark/holoverify_replication_packet_freeze_3families_wave2_2026-07-01/solo_triage_3mini/wave2_workforce_solo_triage_clean_001/run_20260701T022623Z/solo_triage_results.json,FALSE,,0ea0f19444564a19d005d94be37d6f632139b8025d4a3a2dfd3ffe05c199d18a,HOLOVERIFY_REPLICATION_3FAMILY_WAVE2_SOLO_TRIAGE_COMPLETE,,,,,120,,0,,0,lock listed for completeness; metric inclusion depends on evidence_tier and row validity
SOLO_TRIAGE_LOCK_VALIDATION.json,docs/benchmark/holoverify_replication_packet_freeze_3families_wave2_2026-07-01/solo_triage_3mini/wave2_workforce_solo_triage_clean_001/run_20260701T022623Z/SOLO_TRIAGE_LOCK_VALIDATION.json,docs/benchmark/holoverify_replication_packet_freeze_3families_wave2_2026-07-01/solo_triage_3mini/wave2_workforce_solo_triage_clean_001/run_20260701T022623Z/solo_triage_results.json,FALSE,PASS,0ea0f19444564a19d005d94be37d6f632139b8025d4a3a2dfd3ffe05c199d18a,HOLOVERIFY_REPLICATION_3FAMILY_WAVE2_SOLO_TRIAGE_COMPLETE,,,,,120,,0,,0,lock listed for completeness; metric inclusion depends on evidence_tier and row validity
LOCK_MANIFEST.json,docs/benchmark/inside_holo_worker_solo_autopsy_2026-06-29/LOCK_MANIFEST.json,,FALSE,,f32dd30411ae0917cd873a0a9ec44869847a5f03567f70988ffa73b7bb5090bd,INSIDE_HOLO_WORKER_SOLO_AUTOPSY_LOCK,,10,,,,,,,,lock listed for completeness; metric inclusion depends on evidence_tier and row validity
LOCK_VALIDATION.json,docs/benchmark/inside_holo_worker_solo_autopsy_2026-06-29/LOCK_VALIDATION.json,,FALSE,PASS,f32dd30411ae0917cd873a0a9ec44869847a5f03567f70988ffa73b7bb5090bd,,,,,,,,,,,lock listed for completeness; metric inclusion depends on evidence_tier and row validity
