step_index,step_id,chunk_index,overall_score,delta_from_previous,delta_from_seed,brief_alignment,strategic_positioning,product_focus,wellness_lifestyle_bridge,evidence_claim_safety,feature_functionality_use,audience_newness_resonance,emotional_resonance,creativity_originality,brand_voice_tone,meta_ad_channel_fit,website_banner_channel_fit,email_channel_fit,clarity_concision,conversion_momentum,schema_word_count,downstream_copywriter_usefulness,strengths,defects,evolution_note
0,step-00-initial-seed-draft,1,68,,0,8,6,10,7,5,7,7,6,5,8,7,6,7,8,6,10,6,"Fulfills all structural requirements of the brief (2 ads, 3 banners, 1 email). | Correctly uses 'up to' qualifiers for performance claims. | Maintains a consistent focus on the Cosori TurboBlaze product. | The P.S. in the email effectively connects easy cleanup to routine formation.","Contains unsupported claims ('DC motor technology', 'cook from frozen') not present in the provided evidence packet. | The strategic approach feels more like a feature list than a cohesive campaign idea. | The wellness bridge is stated but not deeply integrated; it doesn't consistently answer *how* a feature supports a better routine. | Website banners are repetitive and lack a clear narrative sequence. | Copy uses generic appliance-ad language ('Crispy comfort', '9 ways to cook').","This is a competent but flawed initial draft. It meets the basic structural requirements but fails on evidence safety by including unverified features. The strategy is functional but lacks a strong, unifying campaign concept, resulting in copy that lists features rather than telling a persuasive story about changing a user's daily routine."
1,step-01-turn-01,1,62,-6,-6,8,6,10,7,4,7,7,6,5,8,7,6,6,8,6,10,4,Maintains focus on the correct product and adheres to the output schema. | Attempts a minor correction by removing the unsupported 'DC motor technology' claim from one ad.,"Represents a negligible evolution from the seed draft, with only minor word changes. | Fails to address the core strategic and creative weaknesses of the initial draft. | Critically, it introduces inconsistency by removing an unsupported claim in one ad but leaving it in the identical email body, making the copy less trustworthy and harder to use. | The unsupported 'cook from frozen' claim remains in the email. | The website banners remain a disconnected list of features without a narrative flow.","This step is a regression. The changes are trivial and fail to improve the copy in any meaningful way. Worse, the inconsistent removal of an unsupported claim creates confusion and demonstrates a lack of attention to detail, making this draft less useful than the original seed."
2,step-02-turn-02,1,97,35,29,10,10,10,10,10,10,9,9,9,10,9,10,9,10,9,10,10,"Establishes a clear, powerful strategic position: overcoming the friction of home cooking to build a sustainable wellness routine. | Rigorously adheres to the evidence packet, correctly identifying and removing all unsupported claims ('DC motor', 'cook from frozen'). | Excels at the wellness-lifestyle bridge, explicitly connecting each feature to the friction it removes and the resulting lifestyle benefit. | Transforms the website banners into a logical, persuasive sequence that guides the user through key benefits. | The copy is creative, emotionally resonant, and avoids generic phrasing, speaking directly to user pain points. | The brand voice is perfectly executed: capable, practical, food-first, and empathetic.","The copy is exceptionally strong; any defects are minor and subjective. The email body word count is slightly higher than the seed, but still well within the target range.","An outstanding leap in quality. This draft demonstrates a mastery of the brief, moving from a simple feature list to a cohesive, persuasive campaign. It is strategically sharp, creatively executed, and meticulously aligned with the evidence constraints. This is professional-grade copy that is ready for use."
3,step-03-turn-03,2,84,-13,16,9,9,10,9,10,8,8,8,7,9,9,7,7,9,7,10,9,"Excellent adherence to claim safety rules, correctly using 'up to' qualifiers. | Strong, consistent strategic through-line connecting features to the wellness routine. | All deliverables are present and correctly formatted per the schema. | Meta ads are well-structured for the channel, with clear hooks and scannable text.","Website banners are functional but operate more like a feature list than a persuasive sequence. | Banner CTAs are generic and repetitive in spirit. | Email body is slightly dense, summarizing all features at once rather than creating a warmer, more focused narrative.","This is the first draft in the sequence being judged. It establishes a very strong, compliant, and strategically sound foundation for all copy assets."
4,step-04-turn-04,2,95,11,27,10,10,10,10,10,9,9,9,8,9,9,10,8,9,9,10,10,"Website banners are transformed into a highly effective, non-repetitive sequence, each with a distinct benefit (taste, time, cleanup). | Banner CTAs are varied and more specific, improving conversion momentum. | The wellness bridge is strengthened by the banner narrative, which breaks down the 'how' into tangible steps. | Email body is slightly improved by integrating the cleanup benefit, making the P.S. a powerful reinforcement. | Maintains perfect claim safety and brand voice from the previous draft.","The Meta ad copy, while strong, was not evolved in this step and could benefit from the same level of refinement applied to the banners. | Email subject lines are good, but could be tested for more emotional punch.","A significant evolution from the previous step. This draft specifically addresses the primary weaknesses of step-03 by overhauling the website banners into a strategic, persuasive sequence, which elevates the entire campaign."
5,step-05-turn-05,2,95,0,27,10,10,10,10,10,9,9,9,8,9,9,10,8,9,9,10,10,"Website banners are a highly effective, non-repetitive sequence, each with a distinct benefit (taste, time, cleanup). | Banner CTAs are varied and more specific, improving conversion momentum. | The wellness bridge is strengthened by the banner narrative, which breaks down the 'how' into tangible steps. | Email body is slightly improved by integrating the cleanup benefit, making the P.S. a powerful reinforcement. | Maintains perfect claim safety and brand voice.","The Meta ad copy, while strong, was not evolved in this step and could benefit from the same level of refinement applied to the banners. | Email subject lines are good, but could be tested for more emotional punch.","The copy artifact in this step is identical to step-04-turn-04. No changes were made to the copy itself. The adversarial notes provide a critique of the excellent step-04 copy, indicating it has reached a stable, high-quality state."
6,step-06-turn-06,3,96,1,28,10,10,10,10,10,9,9,9,9,10,9,10,9,9,9,10,10,"Executes the core strategic brief (feature -> friction -> routine) flawlessly across all assets. | The website banners are structured as a compelling, non-repetitive sequence, a standout feature. | Maintains perfect claim safety, using 'up to' qualifiers consistently and avoiding all forbidden language. | The wellness bridge is sophisticated, focusing on habit formation rather than simplistic health claims. | Brand voice is spot-on: food-first, practical, and encouraging.","The copy is exceptionally strong, with only minor opportunities for further refinement in rhythm or phrasing.","This is the first draft in the sequence, but it sets an extremely high bar, appearing to be a fully-realized final version that perfectly addresses the brief's constraints and goals."
7,step-07-turn-07,3,96,0,28,10,10,10,10,10,9,9,9,9,10,9,10,9,9,9,10,10,"Executes the core strategic brief (feature -> friction -> routine) flawlessly across all assets. | The website banners are structured as a compelling, non-repetitive sequence, a standout feature. | Maintains perfect claim safety, using 'up to' qualifiers consistently and avoiding all forbidden language. | The wellness bridge is sophisticated, focusing on habit formation rather than simplistic health claims. | Brand voice is spot-on: food-first, practical, and encouraging.","This artifact is an exact duplicate of the previous step's copy, showing no evolution or improvement.","No change. This step is a direct copy of step-06. While the quality of the copy remains high, there was no iterative progress in this turn."
8,step-08-turn-08,3,97,1,29,10,10,10,10,10,9,9,9,9,10,9,10,9,10,9,10,10,"Improves upon an already excellent base with a subtle but effective wording change in Ad 1, making the wellness bridge even more direct. | Executes the core strategic brief (feature -> friction -> routine) flawlessly across all assets. | The website banners are structured as a compelling, non-repetitive sequence. | Maintains perfect claim safety, using 'up to' qualifiers consistently and avoiding all forbidden language. | Brand voice is spot-on: food-first, practical, and encouraging.","The copy is of final, publishable quality with no material defects.","This step introduces a minor but valuable refinement to the primary text of Ad 1, changing 'builds the wellness-forward routine' to 'is how home cooking becomes a wellness-forward routine.' This makes the strategic connection slightly more direct and clear for a new audience, representing a positive final polish."
9,step-09-turn-09,4,96,-1,28,10,10,10,10,9,10,9,9,9,10,9,10,9,10,10,10,9,"Excellent strategic positioning with a clear, consistent campaign idea: removing friction from home cooking builds better wellness routines. | The website banners are a standout, using a logical sequence (less oil -> speed -> cleanup) that tells a story. | Perfectly executes the nuanced wellness bridge, focusing on behavioral support ('habits you repeat') rather than making prohibited health claims. | Strong conversion momentum created by varied and context-appropriate CTAs across all assets. | Impeccable adherence to claim safety rules, consistently using 'up to' for performance stats.","Minor claim imprecision: lists 8 specific functions while the product is marketed as '9-in-1', which could cause minor confusion or require verification downstream.","This is the first draft in the sequence. It establishes an extremely high baseline for quality, strategy, and compliance."
10,step-10-turn-10,4,96,0,28,10,10,10,10,9,10,9,9,9,10,9,10,9,10,10,10,9,"Excellent strategic positioning with a clear, consistent campaign idea: removing friction from home cooking builds better wellness routines. | The website banners are a standout, using a logical sequence (less oil -> speed -> cleanup) that tells a story. | Perfectly executes the nuanced wellness bridge, focusing on behavioral support ('habits you repeat') rather than making prohibited health claims. | Strong conversion momentum created by varied and context-appropriate CTAs across all assets. | Impeccable adherence to claim safety rules, consistently using 'up to' for performance stats.","Minor claim imprecision: lists 8 specific functions while the product is marketed as '9-in-1', which could cause minor confusion or require verification downstream.","This step is an identical copy of the previous step, introducing no changes, improvements, or regressions. It maintains the high quality and the single minor defect of the prior draft."
11,step-11-final-governor-repair,4,98,2,30,10,10,10,10,10,10,9,9,9,10,9,10,9,10,10,10,10,"The addition of 'modes including' is a subtle but crucial fix that resolves the minor claim imprecision from previous drafts, making the copy more robust and factually safe. | Exceptional strategic positioning with a clear campaign idea (frictionless cooking -> better routines) executed flawlessly across all channels. | The website banners tell a compelling, sequential story, moving the user from one key benefit to the next. | Perfectly nails the wellness bridge by focusing on sustainable habits, not on unsubstantiated health outcomes. | Strong, varied CTAs create excellent conversion momentum.",,"This step introduces a small but significant improvement over the previous identical drafts. By adding 'modes including' before the list of cooking functions, it resolves the only notable defect (the 8-function list for a 9-in-1 product), thereby increasing claim safety and downstream usefulness."
